set,smiles,c_smiles,ee,ddg,temp,order,name,nbo1,nbo2,onbo1,onbo2,cnbo1,cnbo2,angle,homo,lumo,dipole,na,na_an,nb,bpa,estrada,wiener,global_eff,balaban,hosoya,zagreb1,zagreb2,global_simple,crest_flex,kier_a,kier_b,kier_al,0k,1k,2k,3k,1ka,2ka,3ka,1kb,2kb,3kb,1kal,2kal,3kal,k_phi,k_phia,k_xia,k_phib,k_xib,k_phial,k_xial,redu,0chi,1chi,2chi,3chi,4chi,5chi,0chiv,1chiv,2chiv,3chiv,4chiv,5chiv,T,Tnbo1,Tnbo2,Tenbo1,Tenbo2,t_vol,t_sur,t_ova,t_vol_nh,t_sur_nh,t_ova_nh,b_vol,b_vol_nh,bonh1,bonh2,bonh3,bonh4,bonh5,bonh6,bonh7,bonh8,o1,o2,o3,o4,o5,o6,o7,o8,onh1,onh2,onh3,onh4,onh5,onh6,onh7,onh8,nbo*,nbo-,nbo+,nbom,nbo1/2,cnbo*,cnbo-,cnbo+,cnbom,cnbo1/2,onbo*,onbo-,onbo+,onbom,onbo1/2,gap,festrada,fwiener,fglobal_eff,fbalaban,fhosoya,fzagreb1,fzagreb2,fkier_a,fkier_b,fkier_al,f0k,f1k,f2k,f3k,f1ka,f2ka,f3ka,f1kb,f2kb,f3kb,f1kal,f2kal,f3kal,f0chi,f1chi,f2chi,f3chi,f4chi,f5chi,f0chiv,f1chiv,f2chiv,f3chiv,f4chiv,f5chiv,d0chi,d1chi,d2chi,d3chi,d4chi,d5chi,s0chi,s1chi,s2chi,s3chi,s4chi,s5chi,fT,k_ups,k_upsa,k_upsb,k_upsal,bonh_t,bonhq1,bonhq2,bonhq3,bonhq4,fbonhq1,fbonhq2,fbonhq3,fbonhq4,onh_t,onhq1,onhq2,onhq3,onhq4,fonhq1,fonhq2,fonhq3,fonhq4,o_t,oq1,oq2,oq3,oq4,foq1,foq2,foq3,foq4,bonhh1,bonhh2,bonhh3,bonhh4,bonhh5,bonhh6,fbonhh1,fbonhh2,fbonhh3,fbonhh4,fbonhh5,fbonhh6,onhh1,onhh2,onhh3,onhh4,onhh5,onhh6,fonhh1,fonhh2,fonhh3,fonhh4,fonhh5,fonhh6,oh1,oh2,oh3,oh4,oh5,oh6,foh1,foh2,foh3,foh4,foh5,foh6,bonhr,onhr,or,pb_vol,pb_vol_nh
oa,CC(C)(C)[C@H]1COC(C2(C3=N[C@@H](C(C)(C)C)CO3)CC2)=N1,CC(C)(C)[C@H]1COC(C2(C3=N[C@@H](C(C)(C)C)CO3)CC2)=N1,55.0,0.732763997446192,25.0,5,003_lig.xyz,-0.32702,-0.327,1.90651,1.9065,-0.53782,-0.53782,1.3020061654294566,-0.24095,0.02509,1.1114,49.0,21.0,51.0,1.0408163265306123,55.48210835989199,925.0,0.345130385487528,1.6426525847059676,10.0,122.0,148.0,2.2654761904761904,0.0574417928860515,-0.3947368421052633,-0.9377447258858916,-0.7272727272727273,15.645734009671834,15.879017013232517,5.0,3.062381852551985,15.499025160168816,4.798959072913092,2.9216472954186306,14.977126699386568,4.527459216294618,2.7328846717086632,15.179299534284956,4.631989616570224,2.8053799718772865,3.780718336483933,3.5418660673190683,12.430669015247169,3.2289681099404723,11.57563471739264,3.348112277600817,4.701584912696699,0.4365269393595975,15.466255326250884,9.627793643276704,10.879012814568256,7.518196442051471,5.730322252025867,3.7593836487649104,14.194051435053083,8.050163565951669,8.836265627128832,4.620133787661146,2.6778091004876523,1.6407181410511738,387.4322419856421,43.44072984290575,43.44072984290575,4.858885582010582,4.858885582010583,383.086514865393,376.8192940140032,1.4772401314124004,329.4976450477829,323.21011470291154,1.4009821723127855,97.7643258290073,88.72940537977155,1.560469279435437,10.646848228752182,1.55972252484417,10.64978202413668,17.327721826187144,14.912948902883311,17.331388625449012,14.9118180890207,6.026035724379087,36.84196819663274,6.017624828790371,36.84512961691524,90.5818904303372,57.15044778829262,90.5854597219485,57.13820139235216,2.8207301206756106,30.11273215338764,2.816988385399885,30.118851031353763,78.81403796767722,52.0487726936668,78.81097857486755,52.03545447140596,0.10693554,1.999999999996449e-05,-0.65402,-0.32701,1.0000611620795106,0.28925035239999997,0.0,-1.07564,-0.53782,1.0,3.634761315,9.999999999843467e-06,3.8130100000000002,1.9065050000000001,1.0000052452137425,0.26604,2.6420051599948566,44.04761904761905,0.016434780261310858,0.07822155165266513,0.47619047619047616,5.809523809523809,7.0476190476190474,-0.018796992481203013,-0.04465451075647103,-0.03463203463203463,0.7450349528415159,0.7561436672967865,0.23809523809523808,0.14582770726438024,0.738048817150896,0.22852186061490917,0.13912606168660147,0.7131965094945985,0.21559329601402943,0.13013736531946016,0.7228237873469027,0.22057093412239162,0.13358952247034697,0.7364883488690898,0.4584663639655573,0.518048229265155,0.35800935438340337,0.27287248819170795,0.17901826898880527,0.675907211193004,0.38334112218817473,0.4207745536728015,0.22000637084100697,0.12751471907084058,0.07812943528815113,1.272203891197801,1.5776300773250345,2.0427471874394243,2.8980626543903245,3.0525131515382147,2.118665507713737,29.660306761303968,17.677957209228374,19.715278441697087,12.138330229712617,8.40813135251352,5.400101789816084,18.449154380268673,11.578003223258923,10.348083416317778,8.82439745309241,9.392727127177778,88.90069950070863,16.472287368456136,27.978236854201192,16.47267142772748,27.977503850323824,0.18528861371135597,0.3147133488412898,0.18529293380415052,0.3147051036432038,327.5785453984344,54.856184592081576,108.92371072825519,54.86576107906669,108.93288899903098,0.16745963788733445,0.33251173576026194,0.16748887205764149,0.3325397542947622,381.18675769964784,63.16423711673124,127.42742791858123,63.168072617082984,127.42702004725243,0.16570417476700713,0.33429132923601285,0.1657142367648973,0.33429025923208283,44.449791218779964,44.45052422265733,24.416822057168467,44.450908281928676,44.450175278051304,64.48387744354017,0.4999937173545598,0.5000019625526457,0.2746527552010301,0.5000062826454403,0.4999980374473543,0.72534724479897,163.78907359111255,163.77989532033675,65.86930169081691,163.7894718073219,163.79865007809767,261.70924370761753,0.49999939218209666,0.4999713736475963,0.20107941321584402,0.5000006078179035,0.5000286263524036,0.7989205867841561,190.59125716398367,190.59166503531247,85.73075836671742,190.59550053566423,190.5950926643354,295.45599933293045,0.49999443399908994,0.49999550400301995,0.22490487047366972,0.5000055660009102,0.5000044959969802,0.7750951295263303,0.5887681653639415,0.5036429734444523,0.49570376637393676,0.25520168952791056,0.2692869181717649
oa,CC(C)(C)[C@H]1COC(C2(C3=N[C@@H](C(C)(C)C)CO3)CCCC2)=N1,CC(C)(C)[C@H]1COC(C2(C3=N[C@@H](C(C)(C)C)CO3)CCCC2)=N1,54.0,0.7159069412158691,25.0,6,001_lig.xyz,-0.32664,-0.32596,1.90664,1.90604,-0.53385,-0.53899,1.149214473023382,-0.23991,0.02756,0.8296,55.0,23.0,57.0,1.0363636363636364,58.635850221750175,1129.0,0.3331686429512511,1.7421519805079926,10.0,130.0,156.0,2.272727272727273,0.043701660185306,-0.3947368421052633,-0.8307020315999262,-0.7272727272727273,16.938201511674155,17.8112,6.06375,3.3833141099577086,17.429007617273044,5.848036637216157,3.24275051906365,17.007355140327654,5.613018122202192,3.090600171558414,17.107344114035186,5.6684641554433215,3.1264006440145797,4.695768,4.43154239548401,14.677063203808284,4.150547504929901,13.98590859742274,4.216189865445337,6.256950605523917,0.45918448275275,16.880468888623977,10.627793643276704,11.586119595754806,8.475303223238017,6.76357054248973,4.625409052549347,15.60826499742618,9.050163565951667,9.54337240831538,5.577240568847694,3.6563624910809263,2.193169591356999,445.4105204244824,46.47699802177234,46.476998021772346,4.978885582010582,4.978885582010582,419.6722271337142,404.5950785911736,1.4925526214410716,358.6248233533097,345.5548465363425,1.4155959097665145,97.76583264534251,88.47017097048968,2.0221552615192766,10.514932214856334,1.4329584023924338,9.646633559451322,16.936945790565282,15.220084648710907,17.62557069194397,15.222592293451898,9.47223178272672,36.488333110796006,4.711782040646774,33.754832346963525,109.83980365432568,63.33631956432741,91.87092546657846,67.24334802374273,5.365397878113636,29.365520764031796,2.1482388163755983,27.918535325173806,95.4842064351988,56.9699508885398,79.33997443748356,59.28777917317396,0.1064715744,0.0006799999999999584,-0.6526000000000001,-0.32630000000000003,1.00208614553933,0.2877398115,0.005139999999999922,-1.07284,-0.53642,0.9904636449655839,3.6341321055999996,0.0005999999999999339,3.81268,1.90634,1.0003147887767307,0.26747,2.5493847922500077,49.08695652173913,0.014485593171793525,0.0757457382829562,0.43478260869565216,5.6521739130434785,6.782608695652174,-0.01716247139588101,-0.0361174796347794,-0.03162055335968379,0.7364435439858328,0.7744,0.26364130434782607,0.14710061347642212,0.7577829398814366,0.254262462487659,0.14098915300276738,0.7394502234925067,0.244044266182704,0.13437392050253974,0.7437975701754429,0.2464549632801444,0.13593046278324258,0.7339334299401729,0.46207798449029147,0.5037443302502089,0.36849144448860943,0.29406828445607525,0.20110474141518903,0.6786202172793991,0.39348537243268117,0.4149292351441469,0.24248872038468236,0.15897228222090984,0.09535519962421735,1.2722038911977975,1.5776300773250362,2.042747187439426,2.8980626543903227,3.107208051408804,2.4322394611923484,32.488733886050156,19.67795720922837,21.129492004070187,14.05254379208571,10.419933033570656,6.8185786439063465,19.36567480106445,15.88725813148789,14.370386403208343,12.827682830797698,13.181498710616045,88.62187286289142,17.244747554971173,28.140502906800304,16.653043051103342,26.583579350016606,0.194587938596726,0.31753450923269255,0.18791120649038393,0.29996634568019753,355.87960371809095,64.6531770512876,108.70549520151536,59.118189704915395,123.4027417603726,0.18167148770487684,0.30545581726461096,0.1661185105503987,0.3467541844801135,416.7175759901073,76.71557980646945,128.35925857737448,68.04810160497419,143.5946360012892,0.1840948983833853,0.3080245854099076,0.16329549202069082,0.3445850241860162,43.828326904987776,45.38525046177148,23.616679438219364,44.793545957903646,43.236622401119945,65.00519342467206,0.4945542842769235,0.5121224478294185,0.26648815552292804,0.5054457157230765,0.48787755217058143,0.733511844477072,188.0559188116602,173.35867225280296,64.79769278369483,167.82368490643074,182.52093146528802,291.0819109343961,0.5284256721849904,0.4871273049694878,0.1820775681064997,0.47157432781500963,0.5128726950305122,0.8179224318935002,220.31021580775865,205.0748383838439,84.42717928113302,196.40736018234864,211.64273760626338,332.29039670897424,0.5286799225694016,0.4921194837932929,0.20260047606712245,0.47132007743059834,0.507880516206707,0.7973995239328774,0.6194309563200013,0.5332484894817678,0.5323096462204561,0.23295759481885556,0.24669282550843033
oa,CC(C)(C)[C@H]1COC(CC2=N[C@@H](C(C)(C)C)CO2)=N1,CC(C)(C)[C@H]1COC(CC2=N[C@@H](C(C)(C)C)CO2)=N1,24.0,0.2900502543112727,25.0,5,071_lig.xyz,-0.33127,-0.33126,1.90751,1.90752,-0.54251,-0.54254,1.3874747492499115,-0.2452,0.02942,0.6251,45.0,19.0,46.0,1.022222222222222,47.19653839462387,766.0,0.3509398496240602,1.7849186792217573,11.0,102.0,116.0,2.4766081871345027,0.1380688379286492,-0.3947368421052633,-0.8763197018414619,-0.7272727272727273,13.981627212347163,15.39,5.4131113423517165,3.986159169550173,15.002910110734698,5.182529825990782,3.7963838162015424,14.531072343963864,4.905795132340572,3.569726297819025,14.677052655425744,4.990895891796792,3.639295399574895,4.384620187304891,4.09226469081796,12.227809192920686,3.751919156458244,11.510791177761536,3.855349568507872,4.396997392600163,0.4245372088172366,14.259148545064336,8.659833173828256,9.719755784820906,6.198612009165096,4.62260487865602,3.160776156076696,12.986944653866535,7.050163565951669,7.608107498868663,3.717078184760367,2.0569689694414297,1.2553672572400665,291.9415532445769,36.79428031570967,36.79428031570968,4.643607804232804,4.643607804232805,351.3680818612691,351.8783047027013,1.4612801826131123,300.94556083707755,299.76695404246175,1.3803026957895013,97.3135126884772,88.32528840852581,1.624179010962213,10.526876953207504,1.6168187618162329,10.520275913592384,17.13935310982036,14.950240964791435,17.147420068196467,14.950586280402876,6.490141035148545,36.59985707893904,6.443458165005533,36.58375123784717,81.16637884527165,50.46282787710807,81.23480295245128,50.50063413087537,3.070163135016054,30.01451718689077,3.0405129125885435,30.00877242828476,70.18456610511457,46.31533028388755,70.23124222020711,46.33886427574084,0.1097365002,1.0000000000010001e-05,-0.6625300000000001,-0.33126500000000003,1.0000301877679165,0.29433337540000004,2.999999999997449e-05,-1.08505,-0.542525,0.9999447045379143,3.6386134752,1.0000000000065512e-05,3.81503,1.907515,0.9999947575910082,0.27462,2.484028336559151,40.31578947368421,0.018470518401266327,0.0939430883800925,0.5789473684210527,5.368421052631579,6.105263157894737,-0.020775623268698067,-0.04612208957060326,-0.03827751196172249,0.7358751164393244,0.81,0.2849005969658798,0.20979785102895646,0.7896268479334051,0.2727647276837254,0.19980967453692328,0.764793281261256,0.2581997438073985,0.18788033146415922,0.7724764555487234,0.2626787311471996,0.1915418631355208,0.7504815023718072,0.45578069335938187,0.5115660939379424,0.3262427373244787,0.24329499361347473,0.1663566397935103,0.6835234028350808,0.3710612403132457,0.40042671046677175,0.19563569393475616,0.10826152470744367,0.06607196090737193,1.272203891197801,1.6096696078765866,2.111648285952243,2.481533824404729,2.56563590921459,1.9054088988366293,27.246093198930872,15.709996739779925,17.32786328368957,9.915690193925464,6.67957384809745,4.416143413316762,15.365344907609309,17.477793964620187,15.535807443834313,13.393324480099965,14.03075594842375,88.47575106278947,16.57476529136509,27.674297021403973,16.567059726607667,27.65962902341274,0.18733681367228305,0.31278962528121496,0.18724972128069708,0.31262383976580493,299.20396854773014,49.40902741075689,100.24575940709788,49.355843196476094,100.19333853339933,0.1651349333719649,0.3350415433781464,0.16495718100277357,0.3348663422471153,349.48185132264666,56.990775166023916,117.83466003139031,56.9062860421136,117.75013008311882,0.16307220231991165,0.33716961148464236,0.16283044692234075,0.3369277392731052,44.23439431477783,44.249062312769055,24.288150639578333,44.24135674801164,44.22668875002041,64.18760042321114,0.499960653438088,0.500126438953498,0.2745175977352429,0.5000393465619121,0.499873561046502,0.725482402264757,149.60236594415622,149.65478681785476,66.13396566278013,149.60160260357395,149.54918172987544,233.07000288495004,0.5000012756190801,0.5001764767501112,0.22103304974121754,0.4999987243809199,0.499823523249889,0.7789669502587826,174.74090524914274,174.82543519741424,86.11720751694028,174.74094607350392,174.6564161252324,263.36464380570635,0.49999994159301686,0.500241813804554,0.24641396167217747,0.5000000584069831,0.49975818619544593,0.7535860383278224,0.5989422292416073,0.4927425418595355,0.48346525746749747,0.2769560404376729,0.2934925777368165
oa,CC(C)(C1=N[C@@H](C(C)(C)C)CO1)C1=N[C@@H](C(C)(C)C)CO1,CC(C)(C1=N[C@@H](C(C)(C)C)CO1)C1=N[C@@H](C(C)(C)C)CO1,56.0,0.7498890496824266,25.0,1,045_lig.xyz,-0.32671,-0.3267,1.90647,1.90647,-0.53667,-0.53668,1.2950882184366117,-0.24033,0.03195,0.8059,51.0,21.0,52.0,1.0196078431372548,52.44715712104727,926.0,0.3427494331065756,2.002021040182388,11.0,116.0,136.0,2.361904761904762,0.1303498963725227,-0.3947368421052633,-0.844096150983586,-0.7272727272727273,14.896101590022033,17.355371900826448,5.570987654320987,3.673469387755102,16.966974092392785,5.353230091303235,3.510436906404974,16.525111779732985,5.109070089977735,3.3286303425887174,16.63995643482823,5.172158668199694,3.375504349713048,4.604122028364453,4.325148393798069,15.527409688358562,4.02037877749393,14.825491626855218,4.098309281564862,6.579516040357631,0.4635245652679907,16.05204176387779,9.420686862090156,10.967216772019782,7.419138796338045,5.220998837281602,3.499303993379066,14.779837872679987,7.843056784765121,8.879158845942285,4.370692773013317,2.4102538507807285,1.5073837582666234,346.7385357684018,40.9924098575457,40.99240985754571,4.796385582010583,4.796385582010584,392.47009143105765,384.0709516793693,1.4815726742304929,334.76436915115846,328.6921456785467,1.4097617306113246,98.36339751153275,89.01150713732278,1.6349719424544134,10.629769348478137,1.631904740025365,10.629664570071547,17.29273008465961,15.030691255649415,17.293672975898378,15.031999482305451,6.7512960469773615,36.89816744190494,6.72932266581566,36.89978759904128,93.03691599577816,59.55839396959583,93.0575729992666,59.5577864106697,3.3407640151467177,30.238309013310136,3.3258788214565334,30.24519468113961,80.16041337520039,53.63884609249041,80.17205825461788,53.63894735231143,0.106736157,1.0000000000010001e-05,-0.65341,-0.326705,1.0000306091215183,0.2880200556,1.0000000000065512e-05,-1.07335,-0.536675,0.9999813669225608,3.6346278609000002,0.0,3.81294,1.90647,1.0,0.27227999999999997,2.4974836724308225,44.095238095238095,0.016321401576503598,0.0953343352467804,0.5238095238095238,5.523809523809524,6.476190476190476,-0.018796992481203013,-0.04019505480874219,-0.03463203463203463,0.7093381709534301,0.8264462809917357,0.26528512639623747,0.1749271137026239,0.8079511472567993,0.2549157186334874,0.16716366220976067,0.7869100847491898,0.24328905190370165,0.15850620678993893,0.7923788778489632,0.24629326991427117,0.160738302367288,0.7643829411370375,0.4486041362900074,0.5222484177152277,0.35329232363514496,0.24861899225150486,0.16663352349424124,0.7038018034609518,0.37347889451262484,0.4228170879020136,0.20812822728634844,0.1147739928943204,0.07178017896507731,1.272203891197801,1.5776300773250345,2.0880579260774965,3.0484460233247272,2.8107449865008736,1.9919202351124425,30.831879636557776,17.263743646855275,19.846375617962067,11.789831569351362,7.631252688062331,5.006687751645689,16.51135884611437,16.913101328685748,15.18316054726694,13.382354787466026,13.833860806391547,89.17540439954232,16.666971424759865,27.923442324376516,16.66259599567478,27.922394654731157,0.1869009906597677,0.31312941625998203,0.18685192523511898,0.31311766784513134,334.76041160567314,56.97971136745815,110.41036726792802,56.964724913946945,110.40560805634,0.17021042331187206,0.3298190689225957,0.1701656556123722,0.32980485215315997,392.4892431290495,66.30908245764707,129.95574044117154,66.2877166354115,129.93670359481945,0.1689449675843595,0.331106502193851,0.1688905308765781,0.3310579993452116,44.58936607949102,44.59041374913638,24.52631060102946,44.586038320051294,44.58499065040594,64.64909379851285,0.500018658504899,0.5000304069197496,0.27503447577475004,0.49998134149510093,0.4999695930802504,0.7249655242252498,167.38531942379814,167.39007863538615,67.150146531053,167.37509218187495,167.37033297028694,267.61026507462014,0.500015275465032,0.5000294922344677,0.2005916595960925,0.4999847245349679,0.49997050776553215,0.7994083404039075,196.2457860524665,196.2648228988186,87.27857375373924,196.243457076583,196.22442023023095,305.21066937531026,0.500002966929571,0.5000514697782105,0.2223718873361384,0.49999703307042903,0.49994853022178964,0.7776281126638616,0.5968138221816511,0.5160153657998603,0.510198746196315,0.2506264799767845,0.2658930141311748
oa,CC(C)(C1=N[C@@H](c2ccccc2)[C@@H](c2ccccc2)O1)C1=N[C@@H](c2ccccc2)[C@@H](c2ccccc2)O1,CC(C)(C1=N[C@@H](c2ccccc2)[C@@H](c2ccccc2)O1)C1=N[C@@H](c2ccccc2)[C@@H](c2ccccc2)O1,51.0,0.6668185247851941,25.0,4,008_lig.xyz,-0.33394,-0.33394,1.90009,1.90008,-0.52946,-0.52943,1.1787563037265063,-0.23703,-0.01478,1.2784,67.0,37.0,72.0,1.0746268656716418,95.03888448191626,4166.0,0.2514521514521505,1.1938973964999409,18.0,204.0,246.0,2.763888888888889,0.0246981888565392,-0.3947368421052633,-3.092982171053621,-3.84415584415584,20.196683903215305,27.18367346938776,12.25,5.8979591836734695,26.808677277414127,12.001327657989764,5.752565400792002,24.255529495443064,10.344971579630464,4.8020905436191645,23.54820388801725,9.89803626220403,4.551269065193719,9.0,8.695668110366267,27.66810525082095,6.781696304844512,23.51228454405166,6.299485837658614,8.420877881472283,0.6519221262600765,25.24406544037339,18.109322916611436,16.405801924250127,14.452332685796396,12.17147591259162,10.260242147045602,21.067330232478664,12.80736580138693,10.102816429836706,7.171135981350703,5.112371260002519,3.725832613607986,1597.651140000751,84.42396120354962,84.42396120354962,5.161527462836987,5.161527462836986,593.8864007799931,561.8526145725039,1.6443819259112766,535.7820650401928,498.0261762366624,1.5611426816958809,92.80349536249288,87.74136981673848,1.3490116507824212,8.046772069240255,1.348309302441192,8.050334535064291,20.16812930012279,14.360795930080704,20.1679197687364,14.360157203541844,3.5969766172798905,62.652737597582046,3.59657482243364,62.671241004039054,165.71554768976728,63.36112153783118,165.7169710292076,63.347316280645046,1.9635954320560716,56.63262380667241,1.962988089991766,56.650923878992536,152.96140963322352,54.88331234175551,152.96222297004658,54.86940254590103,0.11151592360000001,0.0,-0.66788,-0.33394,1.0,0.2803120078,3.0000000000085514e-05,-1.0588899999999999,-0.5294449999999999,1.0000566647148823,3.6103230072,1.0000000000065512e-05,3.80017,1.900085,1.0000052629362974,0.22225,2.56861849951125,112.5945945945946,0.0067960040933013645,0.032267497202701105,0.4864864864864865,5.513513513513513,6.648648648648648,-0.01066856330014225,-0.08359411273117895,-0.10389610389610379,0.5458563217085217,0.7346938775510206,0.3310810810810811,0.1594043022614451,0.724558845335517,0.3243602069726963,0.155474740561946,0.6555548512281909,0.279593826476499,0.12978623090862607,0.6364379429193852,0.2675144935730819,0.12300727203226268,0.6822720389290106,0.4894411599084172,0.4434000520067602,0.3906035861026053,0.3289588084484221,0.2773038418120433,0.5693873035805044,0.3461450216591062,0.27304909269828936,0.19381448598245143,0.1381721962162843,0.10069817874616178,4.176735207894726,5.301957115224507,6.302985494413422,7.2811967044456924,7.059104652589101,6.534409533437616,46.31139567285206,30.916688717998365,26.508618354086835,21.6234686671471,17.283847172594136,13.986074760653588,43.179760540560835,53.081632653061234,50.02239950846336,32.56631969519086,28.670655019561593,87.8514297600099,15.709168854324265,28.214691837976655,15.709105232521896,28.21846383518708,0.1788151757716196,0.3211637182804283,0.17881445157393105,0.32120665437402096,532.8864786986394,56.832997977957106,209.594846776719,56.84630043174728,209.61233351221605,0.10665122920129033,0.39331988172897536,0.10667619221747092,0.3933526968522635,590.6584865787858,66.94429289792494,228.36970862678965,66.95769636026482,228.38678869380632,0.11333840860508061,0.3866357866955464,0.11336110101134318,0.3866647036880298,43.92763268951135,43.92386069230092,18.79442755752816,43.92379707049855,43.92756906770898,69.05700220248174,0.5000218301456406,0.4999788940520479,0.21393422518984898,0.49997816985435933,0.500021105947952,0.7860657748101509,266.44533149017315,266.4278447546761,117.21013120771279,266.4411472084663,266.4586339439633,415.6763474909267,0.5000039260535538,0.49997111093026564,0.21995328441050208,0.49999607394644635,0.5000288890697344,0.780046715589498,295.3310815917313,295.31400152471457,132.51753004133462,295.3274049870545,295.3444850540712,458.1409565374511,0.5000031122931105,0.4999741953006269,0.22435558457629745,0.49999688770688955,0.5000258046993731,0.7756444154237024,0.5567343118078869,0.2711768875985184,0.29315836784737487,0.1562647254434644,0.16376317077757424
oa,CC(C)(C1=N[C@@H]2c3ccccc3C[C@@H]2O1)C1=N[C@@H]2c3ccccc3C[C@@H]2O1,CC(C)(C1=N[C@@H]2c3ccccc3C[C@@H]2O1)C1=N[C@@H]2c3ccccc3C[C@@H]2O1,-54.0,0.7159069412158691,25.0,7,015_lig.xyz,-0.3299,-0.3299,1.90594,1.90593,-0.52142,-0.52141,1.2914851493923072,-0.23945,-0.00838,1.2593,49.0,27.0,54.0,1.1020408163265305,72.42933975836414,1838.0,0.3085317183607779,1.1367810146624906,12.0,164.0,206.0,1.8764245014245011,0.0316435035646115,-0.3947368421052633,-1.9943449761807788,-2.285714285714284,16.840641658308773,17.82421875,6.5,2.7348429510591674,17.462532391623775,6.299843433559801,2.633474982479763,16.00512731396465,5.513126622194063,2.2420688793469585,15.741190300084533,5.374169539449757,2.174151430702914,4.291015625,4.074489630396162,15.450948142459014,3.268084943934217,12.927544090273567,3.133178719459121,1.8600152932627012,0.5642425186076103,18.17299762850792,13.109322916611434,12.894078781915717,11.849923427119654,10.417036134002158,8.674338236779512,15.553340564576246,9.76558502259899,8.501660014365324,6.402008616581225,4.901262286115268,3.512068511705344,1784.0250580613106,124.75178351501552,124.7517835150155,4.979482079868984,4.979482079868985,425.6865026084655,415.0179679453896,1.5165480970285343,382.21495377476185,363.2093782572621,1.4260491024703603,89.82479658433715,84.41611488319847,1.4107364663174926,9.303334186844223,1.4105269095043145,9.303297374791557,17.084198932065917,14.480190285114158,17.083430708322524,14.479771222341371,2.952625031193527,47.407719353996384,2.952829492451833,47.41326988199532,109.36936806030609,52.27525258313236,109.37307575358577,52.27392358680779,1.7108295788734742,42.03673780116597,1.7107273482443217,42.04237557105002,100.02517534463269,46.4246018404221,100.02779110010177,46.42347730507054,0.10883401000000002,0.0,-0.6598,-0.3299,1.0,0.2718736022,9.99999999995449e-06,-1.04283,-0.521415,1.000019178765271,3.6325882241999996,1.0000000000065512e-05,3.81187,1.905935,1.0000052467824108,0.23107,2.6825681391986715,68.07407407407408,0.011427100680028812,0.042103000543055207,0.4444444444444444,6.074074074074074,7.62962962962963,-0.014619883040935677,-0.07386462874743625,-0.08465608465608458,0.6237274688262509,0.66015625,0.24074074074074073,0.10129047966885805,0.6467604589490287,0.2333275345762889,0.09753611046221344,0.5927824931098018,0.2041898748960764,0.08303958812396142,0.583007048151279,0.19904331627591693,0.08052412706307088,0.6730739862410341,0.4855304783930161,0.4775584734042858,0.43888605285628346,0.38581615311119105,0.32127178654738936,0.5760496505398609,0.36168833417033297,0.31487629682834534,0.23711143024374906,0.181528232819084,0.13007661154464237,2.619657063931676,3.3437378940124436,4.392418767550392,5.447914810538429,5.51577384788689,5.162269725074168,33.72633819308417,22.874907939210424,21.39573879628104,18.25193204370088,15.318298420117426,12.186406748484856,66.07500215041891,11.735253834915998,10.730066508021507,7.327271547857259,6.812004995559972,84.55548608530155,15.890507688658865,26.38676489516675,15.890717194618473,26.38749630685747,0.18792994309828873,0.31206449299513417,0.18793242083177839,0.31207314307479883,380.4017158895609,48.134306883944014,142.06452890126775,48.13532918866642,142.06755091568272,0.12653546204801683,0.3734592220990724,0.1265381494825885,0.37346716637032235,424.01806374346904,55.22654861800132,156.78079510758215,55.22808207558419,156.7826379423014,0.1302457450289509,0.36975027366389407,0.13024936152011954,0.36975461978703555,42.278003995516336,42.277272583825614,21.427894937457587,42.277482089785224,42.278213501475946,63.12759114784397,0.5000030861730875,0.49999443609342287,0.25341815096232345,0.4999969138269125,0.5000055639065772,0.7465818490376767,190.20185779962674,190.19883578521177,87.50067029933379,190.19985808993414,190.20288010434913,292.9010455902271,0.5000026284183392,0.49999468414708925,0.23002175501421027,0.4999973715816608,0.5000053158529109,0.7699782449857898,212.00918656030274,212.00734372558347,100.72644375963706,212.00887718316633,212.0107200178856,323.291619983832,0.5000003648159865,0.49999601869284493,0.2375522468792192,0.4999996351840136,0.5000039813071551,0.7624477531207808,0.6022107019483645,0.3388200168549475,0.3522560957419219,0.2110116154351163,0.22086031446311397
oa,CC(C1=N[C@@H](C(C)(C)C)CO1)C1=N[C@@H](C(C)(C)C)CO1,CC(C1=N[C@@H](C(C)(C)C)CO1)C1=N[C@@H](C(C)(C)C)CO1,46.0,0.5892995131918922,25.0,5,005_lig.xyz,-0.32938,-0.32914,1.90717,1.90717,-0.53902,-0.54022,1.2888789704872077,-0.243,0.02863,0.7376,48.0,20.0,49.0,1.0208333333333333,49.70968588082996,845.0,0.3460213032581453,1.8908343895107864,11.0,108.0,125.0,2.272368421052632,0.0811081540428808,-0.3947368421052633,-0.8638862345431016,-0.7272727272727273,14.20182364618788,16.3718820861678,5.652892561983471,3.814404432132964,15.984092332777992,5.424321720705094,3.639431423860013,15.523544628614674,5.156822612501437,3.435822453458322,15.657613355294792,5.234242845034355,3.494619003839706,4.62742452352842,4.335142961322171,14.126929595508091,4.0026082983507685,13.409443157583148,4.097787533763307,5.493425663783047,0.4542084466338544,15.129392033067417,9.087353528756822,10.131278784024744,6.883002674544356,4.945943732992149,3.328501457200121,13.857188141869614,7.497757323144373,8.042016889590084,4.084517993768223,2.2514193914225573,1.3897408030068892,319.02453153525033,38.94958828399642,38.94958828399643,4.724626322751323,4.724626322751324,372.3548141260882,369.3069623540175,1.4754756794554218,318.2376854435157,315.41282552869603,1.3992462543228896,97.73737145831808,88.55258393319411,1.8134220621749717,10.729308834737912,1.4604065016340493,10.223648244538252,17.018348734178737,15.00240795026966,17.439402055134305,15.03011346218416,7.828411807181379,37.11038673246153,5.296467154069572,35.580853215663936,91.41606460119888,58.342870996993135,82.89500276554244,52.03789963622943,4.011487143337505,30.132160288582256,2.383255803379294,29.37429074014614,78.9339350714309,52.79169157704317,71.45095750801887,47.38177788662527,0.1084121332,0.00024000000000001798,-0.65852,-0.32926,1.0007291729962935,0.29118938440000003,0.0011999999999999789,-1.07924,-0.53962,0.997778682758876,3.6372974089000003,0.0,3.81434,1.90717,1.0,0.27163,2.485484294041498,42.25,0.017301065162907265,0.09454171947553933,0.55,5.4,6.25,-0.019736842105263164,-0.043194311727155085,-0.03636363636363636,0.7100911823093939,0.8185941043083901,0.28264462809917357,0.1907202216066482,0.7992046166388996,0.2712160860352547,0.18197157119300064,0.7761772314307337,0.25784113062507186,0.1717911226729161,0.7828806677647396,0.2617121422517178,0.1747309501919853,0.7564696016533708,0.4543676764378411,0.5065639392012372,0.3441501337272178,0.24729718664960748,0.16642507286000605,0.6928594070934807,0.37488786615721864,0.40210084447950417,0.20422589968841115,0.11257096957112786,0.06948704015034446,1.2722038911978029,1.589596205612449,2.08926189443466,2.7984846807761325,2.694524341569592,1.9387606541932318,28.986580174937032,16.585110851901195,18.173295673614827,10.967520668312579,7.197363124414707,4.71824226020701,15.951226576762517,17.650868611907576,15.77745552036146,13.752251463872176,14.320206189186692,88.71705784485205,16.84353552435913,28.168710889872216,16.46281445190371,27.24199697871699,0.1898567866600696,0.317511779292022,0.18556537887780047,0.3070660551701079,316.45955601856343,51.39326502996278,101.58311779660113,55.17494738042246,108.30822581157703,0.1624007366898665,0.3209987370096743,0.17435070716330625,0.34224981913715286,370.5079569093403,59.86631144341081,120.00538949800398,63.63933815106271,126.99691781686282,0.1615790169333921,0.3238942302320599,0.171762406081429,0.34276434675311906,44.085532503076124,45.01224641423135,24.226785643085186,44.63152534177593,43.704811430620694,64.49027220176687,0.4969228418301775,0.5073685659520917,0.27307922773377885,0.5030771581698225,0.49263143404790827,0.7269207722662212,159.7014908415398,152.9763828265639,65.9011939754452,156.75806517702358,163.4831731919995,250.55836204311822,0.5046505558270193,0.4833994736995408,0.20824523299141406,0.4953494441729805,0.5166005263004592,0.7917547670085859,186.86322926027364,179.8717009414148,85.81611890937641,183.64472764906668,190.6362559679255,284.69183799996387,0.5043433636865112,0.485473247165452,0.2316174789476243,0.49565663631348883,0.5145267528345481,0.7683825210523757,0.6010814742748176,0.5077303836280408,0.5000182020042201,0.26248451141341195,0.27825926338604984
oa,CC(Cc1ccc(C(C)(C)C)cc1)(C1=N[C@@H](C(C)(C)C)CO1)C1=N[C@@H](C(C)(C)C)CO1,CC(Cc1ccc(C(C)(C)C)cc1)(C1=N[C@@H](C(C)(C)C)CO1)C1=N[C@@H](C(C)(C)C)CO1,55.0,0.732763997446192,25.0,8,006_lig.xyz,-0.33082,-0.32618,1.90392,1.90807,-0.55981,-0.54601,1.1339316945415223,-0.23504,-0.00313,0.8691,73.0,31.0,75.0,1.0273972602739727,77.86266833293345,2648.0,0.2737490108457843,1.7433127856435582,18.0,172.0,202.0,3.201344086021505,0.056839566452061,-0.3947368421052633,-1.3985600838660086,-1.5064935064935057,22.035258778493017,25.6198347107438,8.98184407262371,5.925925925925926,25.232399390152647,8.753917024597973,5.756135624893967,24.24794228297991,8.183286093362469,5.333551106656472,24.14216254622198,8.122715286078318,5.28891108913388,7.4230116302675295,7.125236470739122,22.67340437691831,6.4008983508698485,21.12707468081033,6.325803637199506,7.874473707923837,0.5233786664596901,23.24227620818977,14.104156839597556,15.93946710012603,10.97999223553353,8.255352186915749,6.012682282317937,21.296345730625035,11.621530770997586,12.709965747484144,6.623051993135475,4.012236814329848,2.5950014140274,670.5497903656493,54.71459242130044,54.71459242130045,5.049779069035022,5.049779069035023,565.2597681623932,522.9887465602218,1.5818895926916223,487.9058930326078,454.0720945128814,1.5150139988423554,104.27052054827868,93.99355282474863,2.9836692360089065,10.120022400421496,1.0610471340422991,5.941669102455887,21.521597290524625,18.45810410276165,17.76208039017863,16.30590129534475,16.40032698446925,35.41270208269948,3.212057629386948,52.32664925286929,221.04370622868348,73.09309899193114,86.31227184714936,77.49353667199934,11.708212437858462,27.682010918828382,1.3836339833581983,41.07045067251835,199.0888764389404,64.7548731094789,74.14712908585267,68.09857162256172,0.10790686760000001,0.0046399999999999775,-0.657,-0.3285,1.0142252743883744,0.3056618581,0.013800000000000034,-1.10582,-0.55291,1.025274262376147,3.6328126344,0.004149999999999876,3.8119899999999998,1.9059949999999999,0.9978250273836914,0.23191,2.511698978481724,85.41935483870968,0.008830613253089816,0.05623589631108252,0.5806451612903226,5.548387096774194,6.516129032258065,-0.012733446519524622,-0.04511484141503254,-0.04859656472559696,0.7108147993062264,0.8264462809917354,0.2897369055685068,0.19115890083632017,0.8139483674242789,0.2823844201483217,0.1856817943514183,0.7821916865477391,0.263976970753628,0.17205003569859587,0.7787794369749025,0.2620230737444619,0.170610035133351,0.7497508454254765,0.4549728012773405,0.5141763580685816,0.35419329792043647,0.2663016834488951,0.19395749297799797,0.6869788945362915,0.3748880893870189,0.4099988950801337,0.21364683848824115,0.12942699401064026,0.08370972303314193,1.9459304775647368,2.48262606859997,3.2295013526418863,4.356940242398054,4.243115372585901,3.417680868290537,44.538621938814806,25.72568761059514,28.649432847610175,17.603044228669006,12.267589001245597,8.607683696345337,21.630638398891914,43.98821706825202,41.01382748501523,34.13951848287747,33.456613004467904,94.15409095173824,19.289570531353657,27.88210279060013,19.519151236803946,27.46326639298051,0.20487235696684872,0.2961326747330821,0.20731070779292135,0.29168426050714785,487.93375826939706,79.80678406042018,101.82914000468105,66.13850709283709,240.15932711145874,0.1635606938603281,0.20869459896738551,0.13554812712163444,0.4921965800506519,565.2943496891883,93.89386365646858,121.72497392984884,76.30515662131809,273.3703554815528,0.1660972972896219,0.21533025050891808,0.13498305203876954,0.48358940016269053,46.75283692433417,47.17167332195378,20.10640787292859,47.40125402740408,46.982417629784464,74.04768307880965,0.4965566174739966,0.5010050316999308,0.21354789441103292,0.5034433825260035,0.4989949683000693,0.786452105588967,319.96611117187894,181.63592406510122,81.8443080125634,167.96764709751812,306.29783420429584,406.0894502568337,0.65575727391098,0.3722552928277136,0.16773651469176618,0.34424272608901996,0.6277447071722864,0.8322634853082339,367.2642191380213,215.6188375863174,107.35173594942496,198.03013055116693,349.6755121028708,457.9426137397633,0.6496866974523123,0.38142754779853993,0.18990413756735655,0.3503133025476876,0.61857245220146,0.8100958624326435,0.7012099176613862,0.42675500838949065,0.430779631162289,0.1844647831336952,0.19264688983468958
oa,CC(CC1=N[C@@H](C(C)(C)C)CO1)(C1=N[C@@H](C(C)(C)C)CO1)C1=N[C@@H](C(C)(C)C)CO1,CC(CC1=N[C@@H](C(C)(C)C)CO1)(C1=N[C@@H](C(C)(C)C)CO1)C1=N[C@@H](C(C)(C)C)CO1,55.0,0.732763997446192,25.0,9,013_lig.xyz,-0.32977,-0.3262,1.90393,1.9061,-0.54604,-0.54022,1.3198514969477095,-0.23138,0.00653,1.043,71.0,30.0,73.0,1.028169014084507,75.66813574322626,2368.0,0.281106218175183,1.7764031886375875,15.0,168.0,198.0,3.074712643678161,0.0582221119869171,-0.5921052631578949,-1.277017398337683,-1.0909090909090908,21.965522680346336,24.638671875,8.408284023668639,5.506763787721124,24.05826929572647,8.074781279729534,5.260617414966034,23.387440204876423,7.69485152590584,4.98178512441104,23.569661843346964,7.797458256029686,5.056918933149721,6.905631703032544,6.475508751060797,20.89039849614057,5.998762664917498,19.82757260499547,6.126115144407788,8.827896601888288,0.5043168683644481,22.535169427003225,13.604156839597556,15.59781909133192,10.674466696071418,8.06967346527045,5.705068559270273,20.62686359020653,11.22169195833423,12.478707724211482,6.45750576331069,3.74764374229991,2.4017062436408287,653.3221300977004,54.15724497510942,54.15724497510941,4.996086663832201,4.996086663832201,545.890780463509,524.2077434879333,1.622864029977655,467.0459068176356,447.4103850722329,1.536911602393654,101.92059164590262,92.3160586490702,0.7734235664459415,2.1621024199689143,9.929611809998338,1.851853558058182,20.618517015173293,16.684636102467934,19.748123636099184,20.666065479092428,27.373792181024395,14.693362674654818,33.98414038575819,7.388054036294571,109.86540392534272,75.20991581707594,85.37074795634535,192.02320862531136,19.82317371049544,10.242770265028758,27.01253788272576,3.004868853278423,95.46144832541432,64.67158302698665,73.2920389473933,173.5521148988672,0.107570974,0.0035700000000000176,-0.6559699999999999,-0.32798499999999997,1.0109442060085838,0.2949817288,0.005819999999999936,-1.08626,-0.54313,1.0107733886194512,3.6290809729999998,0.0021700000000000053,3.81003,1.905015,0.9988615497612927,0.23791,2.522271191440875,78.93333333333334,0.0093702072725061,0.05921343962125292,0.5,5.6,6.6,-0.019736842105263164,-0.0425672466112561,-0.03636363636363636,0.7321840893448779,0.8212890625,0.28027613412228797,0.18355879292403748,0.801942309857549,0.26915937599098444,0.17535391383220114,0.7795813401625474,0.256495050863528,0.16605950414703466,0.7856553947782321,0.25991527520098956,0.16856396443832403,0.7511723142334409,0.45347189465325183,0.5199273030443973,0.35581555653571395,0.268989115509015,0.19016895197567577,0.687562119673551,0.374056398611141,0.4159569241403827,0.21525019211035631,0.12492145807666367,0.08005687478802763,1.9083058367966963,2.382464881263326,3.1191113671204374,4.2169609327607285,4.322029722970539,3.303362315629444,43.16203301720975,24.825848797931783,28.076526815543403,17.13197245938211,11.81731720757036,8.1067748029111,21.777404336590013,38.02768259359857,34.06517410659538,29.884546608958317,30.97926766041098,92.43433358730421,21.43948904553837,21.910226056068097,26.614247912466272,22.470370573231474,0.23194291789088062,0.2370355819720807,0.287925999783718,0.2430955003533207,467.06053591018986,193.37528860936263,83.53480921242205,91.68412090971242,98.46631717869275,0.4140261780681603,0.17885221034492366,0.19630029484516795,0.2108213167417481,545.9086256018073,219.39700080633574,100.06411063100018,109.19405620283413,117.2534579616373,0.40189326659653607,0.18329827729080106,0.20002258818031876,0.21478586793234414,43.90985961876984,43.34971510160646,14.716991354471375,48.524473968534366,49.084618485697746,77.71734223283283,0.47503841824420134,0.46897849986296125,0.15921563755929694,0.5249615817557987,0.5310215001370387,0.8407843624407031,291.8416057880554,276.9100978217847,60.08335071152838,175.21893012213445,190.15043808840517,406.97718519866146,0.6248474948099084,0.5928783884130839,0.1286414631337675,0.3751525051900916,0.40712161158691607,0.8713585368662324,336.6504587679731,319.46111143733594,83.43934927773198,209.2581668338343,226.44751416447141,462.4692763240754,0.6166791345288802,0.5851915438873372,0.1528448999789091,0.3833208654711198,0.41480845611266287,0.847155100021091,1.082764554955985,1.5662507983961111,1.5120317199255753,0.1867050979673317,0.19765949621118561
oa,c1ccc(CC(Cc2ccccc2)(C2=N[C@@H]3c4ccccc4C[C@@H]3O2)C2=N[C@@H]3c4ccccc4C[C@@H]3O2)cc1,c1ccc(CC(Cc2ccccc2)(C2=N[C@@H]3c4ccccc4C[C@@H]3O2)C2=N[C@@H]3c4ccccc4C[C@@H]3O2)cc1,-42.0,0.5305021183264206,25.0,7,017_lig.xyz,-0.32782,-0.32782,1.9034,1.9034,-0.50176,-0.50176,0.8840033320508798,-0.24002,-0.01178,0.2076,69.0,39.0,76.0,1.1014492753623188,103.27758739156552,4430.0,0.2534658923322896,1.1071476011681087,18.0,228.0,282.0,2.6975371120107963,0.0226411270037445,-0.3947368421052633,-3.106266243728478,-3.84415584415584,18.36392576071751,26.61436672967864,11.250432525951558,4.9248,26.249065669074984,11.024900626584891,4.805210945954747,23.75340204536821,9.51876806743282,4.021447521418328,23.078734796355693,9.122476537951712,3.819737196561848,7.677516336235373,7.420342065185968,29.328994631477705,5.797516022624215,25.121430808600596,5.398338889881144,6.352392391719908,0.7040535694019077,25.81297954112573,19.26591944058116,17.722194804435826,16.158550471002105,14.748336339438117,12.582720285377032,21.741056818845603,14.001165790018009,11.283517305452122,8.848900636441169,7.010200266585711,5.0906065178198805,2771.7493110463543,152.65206877956933,152.65206877956933,5.372642510707987,5.372642510707986,603.6453713354415,533.5426711582749,1.544651288387565,548.2197662477338,484.918743762496,1.496976744023672,100.69903030736236,95.49236371041798,1.448771027909386,9.473680024122343,1.4490853631291536,9.470744991534628,20.197808594533075,16.741662538447546,20.200984232052075,16.749729496823655,3.4083941471889103,47.590342074478045,3.3994182468731147,47.561851197935326,141.57519108693754,108.70659257311716,141.54019246322832,108.717098463771,1.894424960968986,42.22264981431647,1.8904470051472129,42.19620265930254,130.9110018007729,98.43999142872042,130.87791140103826,98.45141530981977,0.1074659524,0.0,-0.65564,-0.32782,1.0,0.2517630976,0.0,-1.00352,-0.50176,1.0,3.62293156,0.0,3.8068,1.9034,1.0,0.22824,2.648143266450398,113.58974358974359,0.006499125444417682,0.028388400029951504,0.46153846153846156,5.846153846153846,7.230769230769231,-0.010121457489878546,-0.0796478524032943,-0.09856809856809846,0.470869891300449,0.6824196597353497,0.28847262887055275,0.1262769230769231,0.6730529658737175,0.28268975965602283,0.12321053707576275,0.6090615909068772,0.24407097608802103,0.10311403901072637,0.591762430675787,0.23390965481927467,0.09794197939902174,0.6618712702852751,0.4939979343738759,0.4544152513957904,0.4143218069487719,0.378162470242003,0.32263385347120593,0.5574629953550154,0.3590042510261028,0.2893209565500544,0.22689488811387612,0.179748724784249,0.1305283722517918,4.071922722280128,5.2647536505631525,6.438677498983704,7.309649834560936,7.738136072852406,7.492113767557152,47.554036359971334,33.26708523059917,29.00571210988795,25.007451107443273,21.758536606023828,17.673326803196915,71.07049515503472,37.81023245269197,35.65630891436007,23.314406439565193,20.620235857325397,95.73246626855186,18.198500524733042,29.674664256174417,18.1907479015767,29.668553586067702,0.19009747929905002,0.30997492713631836,0.19001649712593235,0.3099110964386993,546.8840443800866,100.34584027078876,173.10056121535473,100.33043843386763,173.10720446007545,0.18348650194125612,0.31652150578203586,0.18345833904808087,0.3165336532286271,602.4990802535294,112.12549261095991,189.13053453770635,112.10601081999027,189.13704228487285,0.18610068676582528,0.3139100800919412,0.18606835179369316,0.31392088134854024,47.867054110800744,47.87316478090746,21.842281406695513,47.86541215775112,47.8593014876444,73.89018486185634,0.5000085757377493,0.5000724064353683,0.22815960204579738,0.49999142426225074,0.4999275935646316,0.7718403979542026,273.45304473086424,273.4464014861435,88.20372443973521,273.4309996492224,273.4376428939431,458.68031994035135,0.5000201551698833,0.5000080077232919,0.16128414303934832,0.4999798448301167,0.49999199227670804,0.8387158569606515,301.26253489583274,301.25602714866625,101.9600056664754,301.2365453576966,301.2430531048631,500.539074587054,0.5000215681143655,0.5000107668577665,0.1692284835083416,0.4999784318856344,0.4999892331422334,0.8307715164916584,0.613199785071427,0.5796411825516081,0.5927854174404238,0.1668181934114502,0.1741862836577588
oa,c1ccc([C@H]2COC(c3ccccc3P(c3ccccc3)c3ccccc3)=N2)cc1,c1ccc([C@H]2COC(c3ccccc3P(c3ccccc3)c3ccccc3)=N2)cc1,2.0,0.0237025830722945,25.0,3,009_lig.xyz,-0.34553,-0.31633,1.90002,1.87114,-0.53544,0.86543,2.50036622676932,-0.19469,-0.04443,1.2126,52.0,30.0,56.0,1.0769230769230769,76.3499571063847,2370.0,0.2822150582495401,1.3019145390465685,15.0,160.0,190.0,2.3235632183908046,0.0298507560741865,0.2105263157894736,-2.066991047346026,-3.0519480519480484,12.377351448210453,21.82525951557093,10.744801512287337,5.16796875,22.025082528807225,10.88629076283987,5.252267783136959,19.8704538164578,9.384449412151474,4.371557069432618,18.943937794239336,8.755704553620824,4.012581004184577,7.816936048299004,7.99238174947133,26.42054582626704,6.21577562123468,22.991999115272524,5.528917413617699,9.72697990150198,0.7206875330723497,20.17515133962105,14.898979485566358,12.716998670030316,11.193310539518173,9.84892372217396,8.201213982115558,17.45121483744276,11.493390648890877,9.3808168343778,7.740364156339627,6.239287257793601,4.692069114255822,879.2038625597636,65.01165555129448,35.12695458291277,4.963731418493324,-0.712245189571027,488.48665177865024,451.3289538428154,1.5046677189535789,447.1210144177146,406.6576264826846,1.4381187294747586,93.9914976552954,88.79356150286083,0.7494276313807579,9.817631919004958,0.6935359426698283,2.5275695021521742,17.230708794287455,15.207828549713012,21.67329801427274,20.9390145022021,3.701267041448806,36.38450714490276,1.5445447947229052,17.80667968888523,114.74296167785076,69.52935442038125,113.39340193468156,128.90860703261646,2.3001461625189314,31.123352015149457,0.7226562743358459,13.964240032014768,108.4805829878794,63.920176644561074,105.55547976346784,118.66209522279804,0.1093015049,0.029200000000000004,-0.66186,-0.33093,1.0923086650017386,-0.46338583920000004,1.40087,0.32999,0.164995,-0.6186982193822724,3.5552034228,0.028880000000000017,3.77116,1.88558,1.015434441035946,0.15026,2.5449985702128233,79.0,0.009407168608318002,0.043397151301552285,0.5,5.333333333333333,6.333333333333333,0.0070175438596491195,-0.06889970157820087,-0.10173160173160162,0.4125783816070151,0.727508650519031,0.3581600504095779,0.172265625,0.7341694176269075,0.362876358761329,0.17507559277123194,0.6623484605485933,0.3128149804050491,0.14571856898108726,0.6314645931413112,0.29185681845402744,0.1337527001394859,0.6725050446540349,0.4966326495188786,0.4238999556676772,0.37311035131727244,0.3282974574057987,0.2733737994038519,0.581707161248092,0.3831130216296959,0.31269389447926,0.2580121385446542,0.20797624192645336,0.1564023038085274,2.72393650217829,3.4055888366754807,3.336181835652516,3.4529463831785456,3.60963646438036,3.509144867859736,37.62636617706381,26.392370134457234,22.097815504408118,18.9336746958578,16.088210979967563,12.89328309637138,29.306795418658787,40.39768121835775,41.97812917328007,27.172617859015386,22.185228987587703,88.83901485568302,21.688442133582857,31.490929933277698,15.901364492382841,19.75827829643963,0.24413195226011053,0.35447184983347696,0.17899077920004236,0.2224054187063703,444.72872910272537,120.96224138531697,136.6788317786173,64.64283291889691,122.44482301989417,0.2719910666202466,0.30733079028732285,0.14535340014871276,0.2753247429437178,486.0113237354898,132.60987407406526,149.77790907958433,71.07389921510416,132.54964136673598,0.27285346574813096,0.30817781760389706,0.1462391836240135,0.27272953302395836,41.44672043002249,53.17937206686055,13.788164995207719,47.39229442566054,35.65964278882247,75.0508498604753,0.4665373709664808,0.5986038020935874,0.15520393846787117,0.5334626290335193,0.40139619790641257,0.8447960615321288,243.40706440521114,257.64107316393427,48.11039448401901,201.32166469751422,187.0876559387911,396.61833461870634,0.5473158095639644,0.5793218569075694,0.10817919179875214,0.4526841904360356,0.42067814309243057,0.8918208082012479,265.1595154408012,282.3877831536496,59.436998669959706,220.85180829468848,203.62354058184013,426.57432506553005,0.5455829987720893,0.581031283352028,0.12229550170380005,0.4544170012279105,0.41896871664797186,0.8777044982961999,0.7334709730045917,0.7162799337966117,0.7214449066949858,0.19241364592677984,0.19858955101561626
oa,c1ccc2c(c1)C[C@@H]1OC(C3(C4=N[C@@H]5c6ccccc6C[C@@H]5O4)CC3)=N[C@H]21,c1ccc2c(c1)C[C@@H]1OC(C3(C4=N[C@@H]5c6ccccc6C[C@@H]5O4)CC3)=N[C@H]21,-62.0,0.8591100905036365,25.0,3,016_lig.xyz,-0.33019,-0.33019,1.90599,1.90599,-0.52311,-0.52311,1.2986611601570732,-0.24047,-0.008,1.5651,47.0,27.0,53.0,1.127659574468085,75.46429265402287,1837.0,0.3099562197852792,1.0598860536014705,12.0,170.0,218.0,1.8016381766381768,0.0307052650012311,-0.3947368421052633,-2.0880053033564265,-2.285714285714284,14.492526697065236,16.760330578512395,6.009615384615385,2.4615384615384617,16.40781031867229,5.820995694526314,2.368997403032578,14.90685591523964,5.0388537452071445,1.9923187739405797,14.7328687321332,4.950462884321386,1.9504978894370133,3.730486685032139,3.5373997489479936,15.954096537246764,2.7819802502877238,13.328866359473464,2.701278512518684,0.7853352322354681,0.6250008128752427,17.587211190881014,13.316429697797982,12.80587482446419,11.948981072833078,10.957390340014488,8.808965372894624,14.967554126949342,9.97269180378554,8.45876679555187,6.651449631229054,5.184332931456224,3.588871536567664,1888.7282478388413,128.35393485999916,128.3539348599992,5.041982079868985,5.041982079868984,416.3041959680883,404.9096399422117,1.501758618889749,377.0490326955026,358.0307754064962,1.4185272421273376,88.5962165548957,83.493952911017,1.3965913814279456,9.040377205560045,1.3968009382411242,9.04185694689796,16.94033750836934,14.435036271346592,16.9405476396633,14.43430291149422,3.0765726447074746,47.11247053764237,3.0766737546274405,47.1287492347568,107.29198269193438,50.68094294298157,107.3024981236108,50.674977457703605,1.8328195192129748,41.81107521401603,1.832718409293009,41.827455021050426,99.07498171618548,45.817353572805445,99.08448604866224,45.81138808752748,0.10902543609999998,0.0,-0.66038,-0.33019,1.0,0.27364407209999997,0.0,-1.04622,-0.52311,1.0,3.6327978801000005,0.0,3.81198,1.90599,1.0,0.23246999999999998,2.794973802000847,68.03703703703704,0.011479859992047379,0.039255039022276686,0.4444444444444444,6.296296296296297,8.074074074074074,-0.014619883040935677,-0.07733352975394173,-0.08465608465608458,0.5367602480394532,0.620752984389348,0.2225783475783476,0.09116809116809117,0.607696678469344,0.21559243313060422,0.08774064455676216,0.5521057746385052,0.1866242127854498,0.07378958422002146,0.5456618048938222,0.18335047719708836,0.07224066257174123,0.6513781922548524,0.4932010999184438,0.4742916601653404,0.44255485454937327,0.40582927185238843,0.32625797677387497,0.5543538565536793,0.36935895569576077,0.3132876590945137,0.24634998634181682,0.19201233079467495,0.13292116802102458,2.6196570639316725,3.343737894012442,4.34710802891232,5.297531441604024,5.773057408558264,5.22009383632696,32.55476531783036,23.289121501583523,21.26464162001606,18.600430704062134,16.14172327147071,12.397836909462288,69.95289806810523,9.18273645546373,8.380090818745892,5.5425914813801445,5.268838037449249,83.62585080300052,15.830894292922165,25.980924845223345,15.831837209587716,25.982194455267297,0.1893062269729894,0.31068054430235037,0.18931750239388495,0.31069572633077536,377.09227758875306,47.64420760674046,140.89556126267826,47.65007198209845,140.90243673723592,0.12634628296127554,0.37363682482072796,0.12636183452705008,0.3736550576909464,416.3448673879645,53.75155010241108,154.41496866125317,53.75761669760901,154.4207319266912,0.12910342918272014,0.3708823640123417,0.129118000264708,0.3708962065402301,41.813088748189465,41.81181913814551,20.875626472127074,41.81276205481106,41.814031664855015,62.75022433087345,0.5000019533037647,0.4999867712753398,0.24963125961258442,0.4999980466962353,0.5000132287246603,0.7503687403874156,188.54664434397637,188.53976886941874,87.30406816357244,188.54563324477672,188.55250871933436,289.78820942518064,0.500001340652222,0.49998310778200356,0.2315191091205107,0.4999986593477781,0.5000168922179965,0.7684808908794893,208.1722820291023,208.16651876366427,100.3944661717341,208.1725853588622,208.1783486243002,315.9504012162304,0.4999996357229503,0.49998579319506187,0.2411329501948275,0.5000003642770497,0.5000142068049381,0.7588670498051725,0.6093308471227769,0.33816521148197776,0.34811120150730657,0.21281605473341667,0.22144057051180682
oa,[C@@H]1([C@@H](CCCC1)/N=C/c1c(cccc1Cl)Cl)/N=C/c1c(cccc1Cl)Cl,Clc1cccc(Cl)c1/C=N/[C@@H]1CCCC[C@H]1/N=C/c1c(Cl)cccc1Cl,-18.0,0.2156442302472665,25.0,1,061_lig.xyz,-0.31233,-0.31771,1.90717,1.91051,-0.42854,-0.42951,1.0984159376240985,-0.23125,-0.0431,0.0961,44.0,26.0,46.0,1.0454545454545454,64.0909256181823,1811.0,0.2894623496161955,1.4904614084093768,14.0,132.0,153.0,2.707692307692308,0.0421339375689871,1.2368421052631575,-1.1567676368548216,-1.0649350649350642,13.604112242094407,20.72704081632653,9.97229916897507,5.517700957934194,21.934056201110185,10.854091769130555,6.116477621843794,19.600571853654337,9.165682220133478,4.979560273031631,19.689907226408653,9.229046292911594,5.021485725757124,7.949855842614055,9.156702264466045,24.147522538282168,6.909715882441855,20.617471192182634,6.9891948190638455,8.366316011964454,0.6302155888768081,18.51829709012867,12.5585506480638,11.057968976905576,9.369549111818616,7.497249808311357,5.254668554252071,17.03193068375309,10.01579645220728,7.874961771533726,5.801924856606898,4.038196780387957,2.461715521975409,501.77527349753205,36.74638330413757,36.74638330413757,4.7400544847568655,4.740054484756866,455.6130808623164,440.92686994368137,1.539873285406763,420.6356433576803,402.1490547990182,1.481263133521887,101.6418598539347,99.79154849722693,15.751442640966651,5.521153733329702,0.3083628505921257,4.4101175506043,15.872954898611871,15.493588835401098,21.680515362362083,20.792951894344984,59.42728749563326,56.93568504337987,7.763512869648544,39.27415525713644,87.65060443388118,75.79735503876113,79.78040688108523,46.0415069035933,56.09473905997586,51.2957308425751,7.763512869648544,36.693048850231605,79.72538800556387,67.77365152095264,76.22373966806205,42.17731998209853,0.0992303643,0.005379999999999996,-0.6300399999999999,-0.31501999999999997,0.9830663183406251,0.18406221539999998,0.0009700000000000264,-0.85805,-0.429025,0.9977416125352145,3.6436673567,0.0033399999999998986,3.81768,1.90884,0.9982517757038697,0.18815,2.465035600699319,69.65384615384616,0.011133167292930596,0.05732543878497603,0.5384615384615384,5.076923076923077,5.884615384615385,0.047570850202429134,-0.04449106295595468,-0.04095904095904093,0.5232350862344003,0.7971938775510203,0.3835499680375027,0.21221926761285362,0.8436175461965456,0.4174650680434829,0.2352491393016844,0.7538681482174745,0.352526239235903,0.19152154896275506,0.7573041240926405,0.3549633189581382,0.193134066375274,0.7122421957741796,0.4830211787716846,0.4253064991117529,0.36036727353148523,0.2883557618581291,0.2021026367020027,0.6550742570674265,0.3852229404695108,0.30288314505898944,0.22315095602334223,0.1553152607841522,0.09468136622982343,1.4863664063755806,2.5427541958565207,3.18300720537185,3.567624255211718,3.4590530279233995,2.7929530322766616,35.55022777388176,22.57434710027108,18.9329307484393,15.171473968425513,11.535446588699314,7.716384076227479,19.29904898067431,43.86492719823031,56.006764490492934,34.407346706143166,35.09614201846475,99.83108776621282,36.54439453531164,27.201669095691784,15.801951685993224,20.28307244921617,0.3660622693092587,0.2724769378391769,0.15828688276941014,0.20317391008215424,417.74713079910816,98.27205904207439,127.51947051063715,75.53716439060119,116.41843685579548,0.23524292998515595,0.30525516780140477,0.18082030688303283,0.27868159533040654,452.67051392311896,105.46879439922657,136.7160919244651,83.56086790840968,126.92475969101763,0.23299241093741588,0.3020212002314885,0.18459534106655234,0.2803910477645433,56.8274669845278,63.74606363100342,25.99107677549278,43.00362078168501,36.085024135209395,73.84001099072003,0.5692361793914129,0.6385392071484356,0.2603505316536207,0.43076382060858703,0.3614607928515644,0.7396494683463792,214.69049589786988,225.79152955271155,151.8470316224311,203.05663490123834,191.95560124639667,265.9000991766771,0.5139245253155625,0.5404980977865608,0.3634903041271954,0.48607547468443757,0.4595019022134394,0.6365096958728047,232.3935540902442,242.18488632369167,163.4006406657981,220.27695983287475,210.4856275994273,289.26987325732085,0.5133834587019592,0.5350136111689043,0.3609703650667865,0.4866165412980408,0.46498638883109566,0.6390296349332135,1.1023824605173247,0.7125142021145042,0.7169968582233754,0.22308810726321152,0.2372398774879163
oa,C1(=N[C@@H](CO1)c1ccccc1)C(C1=N[C@@H](CO1)c1ccccc1)(C)C,CC(C)(C1=N[C@H](c2ccccc2)CO1)C1=N[C@H](c2ccccc2)CO1,-49.0,0.6352160172120235,25.0,1,014_lig.xyz,-0.33364,-0.33363,1.91009,1.91009,-0.51565,-0.51565,1.3158414359648438,-0.24044,-0.00756,0.8181,47.0,25.0,50.0,1.0638297872340423,63.73724434549064,1586.0,0.3061842509342506,1.3184731003452816,11.0,136.0,162.0,2.410833333333333,0.0366271043263262,-0.3947368421052633,-1.9545149650268443,-2.285714285714284,15.523237787943694,18.367346938775512,7.935,3.983539094650206,17.991274257484793,7.689926241083662,3.834538500723971,16.51050172285494,6.745766227210611,3.2702930868913302,16.197248677248677,6.550488652761381,3.155633658487662,5.829795918367347,5.534062880926611,16.62477222630192,4.455039396653499,14.227472570874856,4.24399574665087,3.3491621133705647,0.5558253518277977,17.277810114122513,12.142996421422648,11.157658617815828,9.683763680729232,7.785112457918444,5.809119761248566,14.553340564576246,8.66442398981104,6.968475243419326,4.740043132994945,3.214852762128225,2.104132700244616,677.8038355204742,56.17846122282129,56.17846122282129,4.805930020156211,4.805930020156211,410.7043049212034,403.6666831236424,1.5107268394927853,368.3927826138297,357.6190998982379,1.4390056723574802,87.76533826157834,83.19198089160517,1.3868469896151463,8.810211274133215,1.3870565464283249,8.808813455260545,16.871497773942064,14.587889417719865,16.871934435871665,14.587470354947076,3.7642085549410735,50.31261662613034,3.76410792648771,50.31291851149043,96.67224571881106,54.63913697846256,96.67284948953125,54.63913697846256,1.831739736562471,45.04874223072393,1.8316391081091083,45.04914474453738,88.04808538026172,49.309250317650175,88.04848789407517,49.309350946103535,0.11131231319999998,1.0000000000010001e-05,-0.66727,-0.333635,1.0000299733237419,0.2658949225000001,0.0,-1.0313,-0.51565,1.0,3.6484438081,0.0,3.82018,1.91009,1.0,0.23287999999999998,2.5494897738196256,63.44,0.012247370037370024,0.052738924013811264,0.44,5.44,6.48,-0.01578947368421053,-0.07818059860107378,-0.09142857142857136,0.6209295115177478,0.7346938775510204,0.31739999999999996,0.15934156378600822,0.7196509702993917,0.3075970496433465,0.15338154002895885,0.6604200689141976,0.2698306490884244,0.1308117234756532,0.6478899470899471,0.26201954611045525,0.1262253463395065,0.6911124045649005,0.48571985685690594,0.44630634471263314,0.3873505472291693,0.3114044983167378,0.23236479044994265,0.5821336225830498,0.34657695959244156,0.27873900973677307,0.1896017253197978,0.128594110485129,0.08416530800978464,2.724469549546267,3.4785724316116085,4.189183374396502,4.943720547734287,4.570259695790219,3.7049870610039504,31.83115067869876,20.807420411233686,18.126133861235154,14.423806813724177,10.999965220046668,7.913252461493182,27.112153420818967,23.223219954648524,21.220577182340506,14.569284540704459,13.392495824609961,83.31172024791789,15.974317344562222,25.682145710004882,15.974945964148189,25.68031122920261,0.19174153764951754,0.3082656993947586,0.19174908304149957,0.30824367991422436,368.4764403580235,51.141090682666004,133.0972301247991,51.14088942575928,133.0972301247991,0.1387906663258462,0.3612096067674708,0.13879012013921205,0.3612096067674708,410.77722078431697,58.40334553340363,146.98546611566158,58.40324490495027,146.98516423030148,0.14217766365401488,0.35782282628772616,0.14217741868314437,0.35782209137511456,41.654628573764825,41.6564630545671,20.392928265437227,41.657091674153065,41.6552571933508,62.91879198248067,0.49998521756374187,0.5000072370442761,0.24477862424100988,0.5000147824362582,0.499992762955724,0.7552213757589902,184.2383208074651,184.2383208074651,93.76126581993289,184.2381195505584,184.23811955055837,274.71517453809065,0.500000273093317,0.500000273093317,0.2544566098414092,0.49999972690668293,0.4999997269066828,0.7455433901585908,205.3885097637051,205.3888116490652,108.15385161904956,205.38871102061185,205.38840913525178,302.62336916526743,0.4999997550291294,0.500000489941741,0.2632907720942903,0.5000002449708705,0.49999951005825904,0.7367092279057098,0.6220353388959858,0.3842378237793537,0.39734102111115177,0.21369471225390918,0.22582413341906252
oa,C1(=N[C@H](CO1)C(C)C)C(C1=N[C@H](CO1)C(C)C)(C)C,CC(C)[C@H]1COC(C(C)(C)C2=N[C@@H](C(C)C)CO2)=N1,39.0,0.4879711478809891,25.0,9,047_lig.xyz,-0.32441,-0.32442,1.90449,1.9045,-0.53356,-0.53357,1.2897058393474676,-0.23805,0.03669,0.46,45.0,19.0,46.0,1.022222222222222,47.01447500006868,710.0,0.3593590457625545,1.9559851088172755,8.0,100.0,118.0,2.0935672514619883,0.0907558892117687,-0.3947368421052633,-0.8769808756233172,-0.7272727272727273,13.152323439516142,15.39,5.78,3.1911357340720223,15.002910110734698,5.538551454191032,3.031708562272024,14.530424877490288,5.248078096943644,2.8416511811599467,14.677052655425744,5.337713191480408,2.900091936617814,4.6818,4.3733889268898425,13.821788219681231,4.013516028360095,13.066875134304489,4.1232577668904495,5.13620085555724,0.4586701074136383,14.20674230225704,8.8194043363257,8.849512296817828,6.936388602037908,4.928662852345714,3.2840607717614523,12.93453841105924,7.241774259000664,6.738241647665971,3.956200244651866,2.237029115240062,1.4117993651989345,297.925834139887,38.04861199402598,38.04861199402598,4.707300642479215,4.707300642479215,352.5258192819781,355.70356430285483,1.4739298201964803,301.84865651641127,302.1149435756871,1.3883381298142778,90.95688376853349,82.67319651499872,1.606679791940878,6.359944501560123,1.602151838557354,6.357953711834926,18.847976800157348,14.52588663111218,18.854681804521903,14.52539352194643,5.743251588368239,31.150812113197272,5.717940690020169,31.15915268823179,85.78198163764725,52.5392314725632,85.79238163782179,52.50814161487015,3.126991254940596,25.22117811396225,3.107334705613878,25.232916701047863,75.09665076525246,46.33576444253866,75.10612403273818,46.309549813287305,0.10524509219999999,1.0000000000010001e-05,-0.64883,-0.324415,0.9999691757598175,0.28469160920000003,9.99999999995449e-06,-1.0671300000000001,-0.5335650000000001,0.9999812583166221,3.627101205,1.0000000000065512e-05,3.80899,1.904495,0.9999947492780257,0.27474,2.4744460526351935,37.36842105263158,0.01891363398750287,0.10294658467459344,0.42105263157894735,5.2631578947368425,6.2105263157894735,-0.020775623268698067,-0.04615688819070091,-0.03827751196172249,0.692227549448218,0.81,0.3042105263157895,0.1679545123195801,0.7896268479334051,0.2915027081153175,0.15956360854063284,0.7647592040784362,0.2762146366812444,0.14956058848210246,0.7724764555487234,0.280932273235811,0.15263641771672706,0.74772327906616,0.4641791755960895,0.46576380509567517,0.3650730843177847,0.2594033080181955,0.17284530377691854,0.6807651795294337,0.3811460136316139,0.35464429724557744,0.20822106550799294,0.11773837448631906,0.07430522974731234,1.2722038911977993,1.5776300773250362,2.111270649151857,2.9801883573860426,2.691633737105652,1.8722614065625178,27.141280713316277,16.061178595326364,15.587753944483799,10.892588846689774,7.165691967585776,4.695860136960387,15.680307059994053,14.940259279778394,13.258840655797593,11.405012562593843,11.95782660235577,82.68066860163114,16.132073313887307,25.214626306082025,16.128038469669534,25.205930511992275,0.1951130002541979,0.3049639865343879,0.19506419992050422,0.30485881329091,299.5365098293812,49.4365410682279,100.32730214670043,49.44309914815254,100.32956746630032,0.16504345696084735,0.3349418146183509,0.1650653510529177,0.33494937736788405,350.39289344271987,58.251393203238386,116.94319375101907,58.25717216258337,116.94113432587903,0.16624593219029135,0.3337487601475463,0.16626242498867033,0.333742882673492,41.33800382587958,41.34669961996933,15.92672984389328,41.34266477575156,41.33396898166181,66.75393875773786,0.4999718135451079,0.5000769867885857,0.19262942732878524,0.5000281864548921,0.4999230132114143,0.8073705726712147,149.76610853452823,149.76384321492833,56.68842077556458,149.77040129485295,149.77266661445287,242.8480890538166,0.49999283432873143,0.4999852715791982,0.18925379349533997,0.5000071656712685,0.5000147284208019,0.81074620650466,175.19252752911743,175.19458695425746,73.77115707981747,175.20036591360244,175.1983064884624,276.6217363629024,0.4999888148637833,0.49999469233783767,0.21053839407241615,0.5000111851362167,0.5000053076621623,0.789461605927584,0.6398206172128691,0.4927797408934258,0.4981460977903371,0.2580148142164275,0.2738895626341933
oa,C1(=N[C@H](CO1)C(C)C)C(C1=N[C@H](CO1)C(C)C)(CC)CC,CCC(CC)(C1=N[C@@H](C(C)C)CO1)C1=N[C@@H](C(C)C)CO1,16.0,0.1912385739931163,25.0,2,004_lig.xyz,-0.32393,-0.32386,1.90309,1.90389,-0.54841,-0.55036,1.0751170353390045,-0.23628,0.02068,0.6906,51.0,21.0,52.0,1.0196078431372548,51.61461450999035,890.0,0.3433805744520027,2.1031958977953886,9.0,108.0,130.0,2.2964285714285717,0.0635369080738837,-0.3947368421052633,-0.8673967230041418,-0.7272727272727273,14.816430236840809,17.355371900826448,7.05078125,3.347107438016529,16.966974092392785,6.793999161266892,3.1958022253429057,16.50220842743151,6.490281158837981,3.0186269252801488,16.63995643482823,6.579886548011212,3.0706935180489308,5.827091942148761,5.489219416807318,15.921715722601856,5.100189163608384,15.16935969274206,5.213763119286613,6.884326872021749,0.4663938880619636,15.620955864630137,9.940724679885342,8.96841512055285,7.774592559489433,6.026190224541505,3.750664812436981,14.348751973432336,8.363094602560308,6.902455210039067,4.912748040486244,2.9317563225767254,1.652545475674498,335.93266293374006,40.26601622006656,40.26601622006656,4.849800642479216,4.849800642479215,392.6096974163887,386.1997276577671,1.4894313488067368,335.4517392700489,330.87708126871667,1.4171936453250142,97.09125759894522,87.89628996286586,1.8687489342903292,10.022159368667149,0.811709438641364,2.077127132225043,19.679816404135256,19.973879765150908,18.277632366397174,15.32496127447998,13.00642178131104,31.56526776753116,2.4448330493848847,12.19403367535781,91.93129810386722,105.68455740099678,71.75910836725447,61.21092182266349,9.92007748861021,24.560400535030016,0.92409112324536,8.273325584388166,80.3752616160048,93.21691191652384,62.14874416014347,53.622015777646176,0.10490796979999999,7.00000000000145e-05,-0.64779,-0.323895,1.0002161427777436,0.30182292759999996,0.0019500000000000073,-1.09877,-0.549385,0.9964568645977179,3.6232740201,0.0008000000000001339,3.8069800000000003,1.9034900000000001,0.9995798076569549,0.25695999999999997,2.457838786190017,42.38095238095238,0.016351455926285844,0.10015218560930422,0.42857142857142855,5.142857142857143,6.190476190476191,-0.018796992481203013,-0.04130460585734009,-0.03463203463203463,0.7055442969924195,0.8264462809917357,0.3357514880952381,0.1593860684769776,0.8079511472567993,0.3235237695841377,0.15218105834966217,0.78581944892531,0.3090610075637134,0.1437441392990547,0.7923788778489632,0.31332793085767674,0.1462235008594729,0.7438550411728636,0.47336784189930203,0.4270673866929928,0.37021869330902063,0.2869614392638812,0.17860308630652288,0.6832739034967779,0.3982426001219194,0.32868834333519364,0.23394038288029734,0.13960744393222502,0.07869264169878562,1.272203891197801,1.5776300773250345,2.065959910513783,2.8618445190031885,3.0944339019647797,2.098119336762483,29.969707838062472,18.30381928244565,15.870870330591917,12.687340599975677,8.95794654711823,5.403210288111479,15.996793473035241,19.5039027815723,17.54245962762831,15.395568333290312,16.009868615035973,88.0360346839872,17.19371020877031,28.299791735064325,20.785589203792274,21.7569435363603,0.1953030968567427,0.3214569106462919,0.23610319658766898,0.2471367959092966,333.04082820159203,63.54209326625639,86.70914469517349,94.1410030397692,88.64858720039297,0.19079370421152658,0.26035590039635564,0.2826710573238935,0.26617933806822425,389.7964419683669,74.21734360397453,103.32437613478564,108.12939045038166,104.12533177922504,0.1904002592460746,0.2650726507738896,0.27739963429208697,0.2671274556879488,38.95065374513061,45.49350194383463,14.779744873823883,49.085380938856595,42.542532740152566,73.25628981016331,0.4424398927660393,0.5167600075030345,0.16788290075623044,0.5575601072339608,0.4832399924969655,0.8321170992437695,152.19068046664935,150.25123796142987,43.67789473127375,180.85014773494268,182.78959024016217,289.3629334703183,0.45697304227975083,0.45114960460788217,0.13114876925790975,0.5430269577202491,0.5488503953921178,0.8688512307420903,178.34267538319955,177.54171973876015,59.21055627358489,211.4537665851673,212.2547222296067,330.5858856947819,0.4575277149340234,0.45547291001996415,0.15190122304500153,0.5424722850659766,0.5445270899800357,0.8480987769549982,0.7587250588082886,0.8992081193199571,0.8789924839515328,0.2472971458368576,0.26202365250551485
oa,C1(=N[C@H](CO1)Cc1ccccc1)C1=N[C@H](CO1)Cc1ccccc1,c1ccc(C[C@H]2COC(C3=N[C@@H](Cc4ccccc4)CO3)=N2)cc1,0.0,0.0,25.0,5,081_lig.xyz,-0.34738,-0.34737,1.91159,1.91158,-0.50691,-0.50691,1.1525718049243734,-0.24211,-0.03173,0.9304,44.0,24.0,47.0,1.068181818181818,60.75590823299635,1570.0,0.3003589807937633,1.1814661294786637,11.0,126.0,145.0,2.8215579710144927,0.0379247794536249,-0.3947368421052633,-1.9918721581111347,-2.285714285714284,11.206249816625425,17.415637860082306,8.589506172839506,4.803402646502835,17.040913144540152,8.323390841086503,4.624527371228851,15.530857742189344,7.27168085203944,3.929040128576855,15.254196837276794,7.082786145196373,3.806173449772066,6.2329887042964325,5.909924182959004,18.25104910122603,4.705643369151114,15.92642553917641,4.501758917298433,2.329722357122021,0.6616988316124075,16.192023676495612,11.865305980755142,10.35779138780965,8.613066807817342,7.300216037464469,5.45481851735348,13.467554126949342,8.360677082735688,6.1776049087929605,4.235791134575864,3.046363923444009,1.9377769707691213,614.4067246153392,53.522628159044245,53.522628159044245,4.645458553791887,4.645458553791887,392.7638137576379,394.5419828705869,1.5212063144734678,353.44647175633617,350.47426742920334,1.4497381859989582,66.0624008151226,62.33334885366145,0.1905004801244711,1.211447936984763,0.1911938210532381,1.207885471160729,15.395842443649034,14.344140205801512,15.39898541444492,14.343183022450186,15.357716546455688,15.010822082517429,15.369410750994149,14.972614293551258,101.32877014412676,64.67358845465098,101.33834729439532,64.72711968404685,11.517581725085137,12.859491695873317,11.52766293589415,12.821283906907144,92.50599688039983,59.82906260037812,92.51496915801984,59.880073527071744,0.12066939060000001,1.0000000000010001e-05,-0.69475,-0.347375,1.0000287877479346,0.2569577481,0.0,-1.01382,-0.50691,1.0,3.6541572122,9.999999999843467e-06,3.82317,1.911585,1.0000052312746524,0.21037999999999998,2.531496176374848,65.41666666666667,0.01251495753307347,0.04922775539494432,0.4583333333333333,5.25,6.041666666666667,-0.016447368421052638,-0.08299467325463061,-0.09523809523809516,0.466927075692726,0.7256515775034295,0.35789609053497945,0.20014177693761814,0.710038047689173,0.3468079517119376,0.1926886404678688,0.6471190725912227,0.30298670216831,0.16371000535736896,0.6355915348865331,0.2951160893831822,0.15859056040716943,0.6746676531873171,0.49438774919813094,0.4315746411587354,0.3588777836590559,0.3041756682276862,0.2272841048897283,0.5611480886228892,0.348361545113987,0.25740020453304,0.17649129727399435,0.12693183014350037,0.08074070711538005,2.7244695495462707,3.5046288980194547,4.180186479016689,4.377275673241478,4.253852114020459,3.517041546584358,29.659577803444954,20.22598306349083,16.53539629660261,12.848857942393206,10.346579960908478,7.392595488122601,25.6002801923058,29.939554437839764,27.330606145981218,18.48866162816632,17.13447526829594,62.28317879566885,14.533683502574657,16.610433351429684,14.53533402685475,16.603727914809763,0.23334845432753223,0.2666921257491239,0.23337495464932068,0.26658446527402324,353.4561224296293,71.39765525215688,105.37446085389315,71.35672553627228,105.32728078730698,0.20199863779802446,0.2981260025418643,0.20188283922137723,0.297992520438734,392.7783892507384,80.08483623050255,116.34916937691276,80.04299920564513,116.30138443767802,0.2038931835920807,0.29622090359619757,0.2037866679944756,0.2960992448172462,31.13741141738442,31.144116854004338,2.8010277093232014,31.145767378284432,31.13906194166451,59.48215108634565,0.49993291960155545,0.5000405800766561,0.044972459072978206,0.5000670803984445,0.49995941992334386,0.9550275409270218,176.72493603946384,176.77211610605002,48.72602026375975,176.73118639016542,176.68400632357924,304.73010216586954,0.4999911582367584,0.5001246403398887,0.1378559237531973,0.5000088417632415,0.49987535966011115,0.8621440762468027,196.38622066818056,196.43400560741532,60.71056367351852,196.39216858255787,196.34438364332317,332.0678255772199,0.4999924284093269,0.5001140871882783,0.154566965329558,0.5000075715906731,0.49988591281172184,0.845433034670442,0.8751995059100478,0.6775187508014187,0.6882761842198769,0.1681987965823339,0.17635866767580488
oa,c1ccc([C@@H]2N=C(c3cccc(C4=N[C@@H](c5ccccc5)[C@@H](c5ccccc5)O4)n3)O[C@@H]2c2ccccc2)cc1,c1ccc([C@@H]2N=C(c3cccc(C4=N[C@@H](c5ccccc5)[C@@H](c5ccccc5)O4)n3)O[C@@H]2c2ccccc2)cc1,5.0,0.0592980039666284,25.0,3,007_lig.xyz,-0.34779,-0.3478,1.90779,1.9078,-0.51189,-0.51191,2.545559303509106,-0.24078,-0.05719,1.929,67.0,40.0,73.0,1.0895522388059702,103.15592399023954,5467.0,0.2354301396609084,1.023728937837025,19.0,220.0,264.0,2.8543269230769237,0.0221749453636874,-0.4605263157894739,-3.768547170091396,-4.6883116883116855,17.77906071665541,28.752362948960304,13.7490234375,6.59604938271605,28.318251130942052,13.452249447366798,6.42258072667239,25.21591951551728,11.379797604029116,5.236831318479075,24.358849421630527,10.823178069635688,4.926470266936906,9.882922801719046,9.523604453165238,32.4348608185563,7.173801512151864,27.41594699590007,6.591004121543738,10.764914657322688,0.722559379597293,26.72719310349884,19.83163247594393,17.397512410808652,15.509523644214331,13.60028080261656,11.569198668613224,21.746594635547492,13.49859633274318,9.885884073866857,7.289137090529891,5.329462940477535,3.7650359918559455,2435.905967364924,113.84516748088792,113.84516748088792,5.030396706534873,5.030396706534872,618.9893543275562,587.6086552391929,1.672946065012409,566.9194657860884,529.4755616441566,1.5983831124440369,98.1249237422536,92.61212362932385,5.423919610672649,11.039976810275,5.421732946382018,11.040605480714536,15.34618350507403,14.542018590476932,15.34670733354001,14.542786818620598,32.79588951261726,98.73643449603736,32.79283266434482,98.73805865924903,126.95500780473658,48.8492449482808,126.96465126272486,48.85797622404424,28.48210210852048,91.43541481866002,28.477842009969432,91.43490726765636,116.86175863386994,44.68855360587591,116.86876282967197,44.69453534106178,0.12096136199999999,1.0000000000010001e-05,-0.6955899999999999,-0.34779499999999997,0.9999712478435883,0.26204160989999997,2.0000000000020002e-05,-1.0238,-0.5119,0.9999609306323377,3.639681762,9.999999999843467e-06,3.8155900000000003,1.9077950000000001,0.9999947583604152,0.18359,2.5788980997559885,136.675,0.00588575349152271,0.02559322344592562,0.475,5.5,6.6,-0.011513157894736847,-0.0942136792522849,-0.11720779220779214,0.4444765179163853,0.7188090737240076,0.3437255859375,0.16490123456790123,0.7079562782735513,0.33630623618416994,0.16056451816680975,0.630397987887932,0.2844949401007279,0.13092078296197687,0.6089712355407632,0.2705794517408922,0.12316175667342263,0.6681798275874711,0.49579081189859825,0.4349378102702163,0.3877380911053583,0.340007020065414,0.2892299667153306,0.5436648658886873,0.3374649083185795,0.2471471018466714,0.18222842726324728,0.13323657351193838,0.09412589979639864,4.980598467951349,6.333036143200751,7.511628336941795,8.22038655368444,8.270817862139024,7.804162676757278,48.47378773904633,33.33022880868711,27.283396484675507,22.798660734744224,18.929743743094093,15.33423466046917,60.8976491841231,65.18824684570929,61.16611840935038,37.56798843138943,32.470385834043825,92.70393109575578,19.966706429293247,26.38668414381501,19.96375153685895,26.386788985788566,0.21538144276394525,0.28463392902464585,0.21534956825334609,0.28463505995806276,562.9438766152858,73.17663744958226,208.30417764833197,73.16639561584535,208.2966659015263,0.12998922359642426,0.3700265449209006,0.12997103024862822,0.370013201234047,614.6900955720349,81.6538657366615,225.70108575876222,81.64207761262563,225.69306646398562,0.13283745146515472,0.3671786602462225,0.13281827412014657,0.3671656141684763,46.35349541508181,46.35339057310826,32.9262348480442,46.35043568067396,46.35054052264752,59.777696247711575,0.500016502722008,0.5000153717885911,0.35517625260178043,0.49998349727799196,0.4999846282114089,0.6448237473982196,281.47330335110854,281.4808150979143,239.83026620480626,281.47057326417735,281.46306151737167,323.11361041047957,0.5000024248304713,0.5000157685173249,0.42602873246759826,0.49999757516952886,0.4999842314826753,0.5739712675324017,307.34693220064713,307.35495149542373,263.0632153322485,307.34316337138785,307.33514407661124,351.6268802397865,0.5000030656336311,0.5000161117113772,0.42796071911235206,0.499996934366369,0.4999838882886229,0.572039280887648,0.7566388110952846,0.35127877278989106,0.3617591024278624,0.15852441250601534,0.16336028169522848
oa,CC(C)(C)c1ccc(CC(Cc2ccc(C(C)(C)C)cc2)(C2=N[C@@H]3c4ccccc4C[C@@H]3O2)C2=N[C@@H]3c4ccccc4C[C@@H]3O2)cc1,CC(C)(C)c1ccc(CC(Cc2ccc(C(C)(C)C)cc2)(C2=N[C@@H]3c4ccccc4C[C@@H]3O2)C2=N[C@@H]3c4ccccc4C[C@@H]3O2)cc1,-54.0,0.7159069412158691,25.0,2,012_lig.xyz,-0.33118,-0.32877,1.90332,1.90457,-0.53561,-0.53574,0.8584335864176499,-0.23642,-0.01387,1.1487,93.0,47.0,100.0,1.075268817204301,123.26060293547428,7538.0,0.2236938464968058,1.092130909051645,24.0,276.0,338.0,3.405989824236818,0.0193107767006223,-0.3947368421052633,-3.117512897866721,-3.84415584415584,29.21781566108699,34.10562414266118,13.201530612244898,6.618311533888228,33.732616738644005,12.981352454102163,6.488399414077813,31.168399573391607,11.49835990535286,5.624726934302352,30.486818707444534,11.11348925429433,5.403952133028969,9.579711514235322,9.316914618797536,31.75901840212321,7.6252228929511325,27.494256551393867,7.208828342612857,7.898690017024397,0.6282181396183261,32.553466517131895,22.47626287162624,22.881472656941657,18.85205714964157,16.431004979146085,13.701492103446649,28.586356280466344,17.322532995063924,16.206167036262496,10.803173666232269,8.063670452978487,5.713832136690239,3413.324700237855,168.5646400996407,168.56464009964066,5.486269053917864,5.486269053917863,771.1369643044129,683.979615370678,1.6819174891094877,685.0569497493466,611.583658876734,1.6273737159440709,90.23127658534486,82.31088899952022,4.152787366757836,1.7051345925821944,0.5124711866279602,4.128977403093874,20.00333896424841,17.750346632540655,18.767334908247005,15.352574212359,18.86307027954722,5.879811633229395,1.1770361353242884,42.85469132825938,271.92269899039843,88.8374075972661,254.70316380505045,83.52600544465504,16.850388126468385,3.2549572307517614,0.53315613910076,37.48970004443338,243.70361473803555,77.75387858738311,229.44617066180905,72.89438780405355,0.10888204859999999,0.0024099999999999677,-0.65995,-0.329975,1.007330352526082,0.28694770140000003,0.00012999999999996348,-1.07135,-0.535675,0.9997573449807743,3.6250061724,0.0012500000000001954,3.80789,1.903945,0.9993436838761505,0.22255,2.622566019903708,160.38297872340425,0.00475944354248523,0.023236827852162658,0.5106382978723404,5.872340425531915,7.191489361702128,-0.008398656215005601,-0.06633006165673874,-0.08179054987565618,0.621655652363553,0.7256515775034293,0.2808836300477638,0.14081513901889847,0.7177152497583831,0.2761989883851524,0.13805105136335774,0.6631574377317363,0.24464595543303957,0.11967504115536919,0.648655717179671,0.23645721817647514,0.11497770495806316,0.6926269471730191,0.4782183589707711,0.4868398437647161,0.40110759892854403,0.3495958506201295,0.29152110858397123,0.6082203463929009,0.3685645318098707,0.3448120646013297,0.2298547588560057,0.1715674564463508,0.12157089652532423,3.967110236665551,5.153729876562316,6.675305620679161,8.048883483409302,8.367334526167598,7.98765996675641,61.13982279759824,39.79879586669016,39.08763969320415,29.65523081587384,24.494675432124573,19.415324240136886,72.62392979229479,63.401515205985504,60.45186335361893,42.889796586041136,38.95616329870243,82.37296526645693,19.505361579116837,20.4724695008292,18.262817819168614,24.132316367342284,0.23679324297749432,0.24853384158996383,0.2217088793646404,0.2929640360679015,681.9262533320356,89.74477593052194,232.7011278925608,78.28703472648387,281.1933147824689,0.1316048113590143,0.34124089922558926,0.11480278746265728,0.41235150195273906,767.7638852137304,102.38907572420226,260.58297543827985,90.01444373259038,314.7773903186578,0.133360109398346,0.3394050963542504,0.11724235206443986,0.40999244218296355,43.63767794645912,39.977831079946036,10.499370549061863,38.73528731999781,42.3951341865109,71.87359471739508,0.5297572790453958,0.48532708456745816,0.12746136447921838,0.4702427209546042,0.5146729154325419,0.8725386355207818,370.9380907129909,322.44590382308274,58.12820154075428,310.9881626190447,359.48034950895277,623.7980517912812,0.5439563133117534,0.47284571058460356,0.08524118444879872,0.45604368668824663,0.5271542894153963,0.9147588155512011,417.16646604286007,362.9720511624821,68.77460937636027,350.59741917087024,404.7918340512482,698.9892758373701,0.5433525515813096,0.47276520575259645,0.08957781252919284,0.4566474484186903,0.5272347942474034,0.910422187470807,0.8467293063553432,0.32697728697421174,0.3344052369746893,0.11701070077315771,0.12015189252460938
